sequence_id,x_H2,x_CH4,x_CO2,x_N2
Q000001,2.582105,66.504164,11.096516,19.817215
Q000002,2.582105,74.086524,11.096516,12.234855
Q000003,2.582105,76.873923,5.624834,14.919138
Q000004,2.582105,96.279909,0.793423,0.344563
Q000005,3.456890,89.444879,1.823117,5.275114
Q000006,3.456890,88.105512,1.823117,6.614481
Q000007,3.456890,75.927118,1.823117,18.792875
Q000008,3.456890,80.557159,1.823117,14.162834
Q000009,4.971531,76.275075,9.748805,9.004589
Q000010,4.971531,78.831128,3.297820,12.899521
Q000011,1.188693,72.737286,7.999697,18.074324
Q000012,4.971531,75.868761,9.748805,9.410903
Q000013,3.632363,80.697980,5.904934,9.764722
Q000014,27.801859,51.494818,9.428137,11.275186
Q000015,6.059824,80.144067,0.154287,13.641821
Q000016,3.715454,88.984384,1.315547,5.984615
Q000017,18.999374,72.657507,2.202363,6.140757
Q000018,8.362335,69.499767,11.841530,10.296368
Q000019,24.586884,55.765170,9.221258,10.426687
Q000020,5.322042,71.881308,11.841530,10.955120
Q000021,26.369574,56.360499,3.901228,13.368700
Q000022,3.413108,80.819794,7.472638,8.294460
Q000023,24.473996,61.593797,4.258702,9.673505
Q000024,3.932100,74.106927,4.327871,17.633101
Q000025,10.476190,76.697412,4.392578,8.433820
Q000026,10.476190,73.246211,12.364290,3.913309
Q000027,10.476190,73.528527,0.682763,15.312521
Q000028,10.476190,65.538303,12.364290,11.621217
Q000029,3.061999,76.707668,1.158894,19.071439
Q000030,3.061999,93.854945,1.158894,1.924162
Q000031,3.061999,87.781219,1.158894,7.997888
Q000032,3.061999,75.957776,1.158894,19.821331
Q000033,4.952672,78.118302,5.125920,11.803107
Q000034,8.668727,85.083138,2.786600,3.461534
Q000035,12.934190,68.685611,7.828539,10.551659
Q000036,27.857641,60.932979,3.179289,8.030091
Q000037,2.492245,76.132905,3.692917,17.681933
Q000038,11.999449,78.137032,0.095438,9.768081
Q000039,27.024704,51.918158,2.695228,18.361910
Q000040,21.883286,68.757653,3.692917,5.666144
Q000041,7.729175,74.545204,4.585619,13.140003
Q000042,4.114995,90.426133,2.119641,3.339231
Q000043,6.262500,75.852294,9.149046,8.736160
Q000044,3.705817,95.382087,0.026067,0.886029
Q000045,9.373855,75.422786,10.308702,4.894658
Q000046,6.743810,78.461989,7.162373,7.631828
Q000047,15.810005,62.035459,8.683431,13.471105
Q000048,5.124936,91.755954,0.389954,2.729155
Q000049,0.687325,73.494356,6.987435,18.830884
Q000050,0.687325,91.097453,3.286703,4.928519
Q000051,0.687325,89.539372,1.000305,8.772998
Q000052,0.687325,85.282734,0.427937,13.602004
Q000053,8.603458,82.920044,3.317035,5.159463
Q000054,13.487405,68.354584,3.317035,14.840977
Q000055,6.469331,86.792685,0.643652,6.094332
Q000056,12.732148,75.281517,3.317035,8.669300
Q000057,14.434085,68.051586,2.201610,15.312718
Q000058,0.689903,87.311161,11.207092,0.791843
Q000059,18.311014,62.504972,9.706402,9.477612
Q000060,18.339622,63.863613,7.423214,10.373551
Q000061,21.471814,54.578475,11.596566,12.353145
Q000062,14.028620,63.970900,8.274279,13.726200
Q000063,7.095004,72.209050,1.334132,19.361814
Q000064,26.015508,61.949367,1.629421,10.405704
Q000065,17.445419,60.026330,4.762775,17.765475
Q000066,15.588262,72.973293,4.762775,6.675670
Q000067,11.036322,80.739700,4.762775,3.461203
Q000068,6.382342,74.193756,4.762775,14.661127
Q000069,26.457981,48.200435,6.196206,19.145378
Q000070,17.477395,60.942307,7.033432,14.546866
Q000071,23.439180,61.968390,7.635912,6.956518
Q000072,2.843880,70.897391,7.635912,18.622816
Q000073,5.997190,71.943653,4.378108,17.681049
Q000074,5.997190,73.817767,2.110235,18.074808
Q000075,5.997190,84.545598,1.179475,8.277737
Q000076,5.997190,79.852191,1.089809,13.060810
Q000077,4.748043,87.820660,2.065238,5.366059
Q000078,8.651285,75.058908,1.842398,14.447410
Q000079,27.157473,68.085437,2.256648,2.500443
Q000080,8.501937,76.699146,5.127364,9.671553
Q000081,2.078428,83.756592,10.718824,3.446156
Q000082,2.078428,80.317863,0.959130,16.644579
Q000083,2.078428,93.562054,4.131461,0.228057
Q000084,2.078428,80.510042,6.177379,11.234151
Q000085,18.501679,75.183548,2.653722,3.661052
Q000086,3.968369,71.550696,6.486802,17.994133
Q000087,19.313534,71.600841,6.221749,2.863876
Q000088,14.405979,66.975602,5.934666,12.683754
Q000089,18.015486,76.468512,0.301455,5.214547
Q000090,4.183808,81.705353,0.301455,13.809384
Q000091,0.697025,96.927271,0.301455,2.074248
Q000092,3.498957,78.528457,0.095130,17.877456
Q000093,8.599077,83.408020,2.905367,5.087536
Q000094,9.706454,81.089574,2.905367,6.298605
Q000095,0.443172,83.476532,2.096888,13.983408
Q000096,11.357570,72.732929,0.844037,15.065465
Q000097,7.378870,72.428860,9.460135,10.732135
Q000098,3.028651,91.414358,0.661604,4.895387
Q000099,2.180175,87.041549,3.796047,6.982229
Q000100,12.488522,64.572702,3.795268,19.143509
Q000101,27.271424,62.069281,1.152516,9.506779
Q000102,21.881369,57.109542,5.465683,15.543406
Q000103,12.285519,82.956680,3.562882,1.194919
Q000104,1.322966,79.671697,7.221213,11.784124
Q000105,11.990799,62.599678,10.118178,15.291345
Q000106,13.008668,82.829327,4.007456,0.154549
Q000107,9.454904,71.138414,5.412758,13.993924
Q000108,9.551979,81.904482,5.290162,3.253377
Q000109,14.240771,80.173499,0.137941,5.447789
Q000110,11.805818,79.225756,1.700268,7.268158
Q000111,12.069023,79.036644,1.488671,7.405662
Q000112,0.858608,81.508662,12.115284,5.517446
Q000113,16.105273,70.296435,8.385959,5.212333
Q000114,6.216572,81.294046,5.790431,6.698951
Q000115,0.593148,75.881144,4.021271,19.504437
Q000116,19.554362,79.497350,0.658217,0.290072
Q000117,25.824377,59.855355,5.623226,8.697042
Q000118,5.804849,75.790451,4.234224,14.170476
Q000119,0.848555,84.439496,1.719123,12.992826
Q000120,1.984840,94.036866,1.086012,2.892282
Q000121,1.099916,97.254608,0.087428,1.558048
Q000122,24.231108,61.355127,1.884523,12.529242
Q000123,1.107594,87.163048,0.209602,11.519756
Q000124,5.527339,92.100982,0.057796,2.313882
Q000125,10.575612,70.642057,5.073968,13.708363
Q000126,12.349116,70.457945,11.164664,6.028275
Q000127,1.496072,72.564100,6.476416,19.463412
Q000128,13.903244,73.425836,6.671356,5.999564
Q000129,9.591579,76.993405,3.800050,9.614966
Q000130,0.231842,89.878890,2.450097,7.439171
Q000131,11.119615,74.438589,4.784577,9.657219
Q000132,1.387350,87.164902,8.344715,3.103033
Q000133,18.417366,63.769299,1.307185,16.506150
Q000134,25.334171,65.410750,8.519123,0.735957
Q000135,1.898477,77.549548,2.441463,18.110512
Q000136,16.693194,82.639475,0.056695,0.610636
Q000137,0.864557,87.054405,0.783247,11.297791
Q000138,4.229962,72.305849,5.902141,17.562048
Q000139,4.371821,83.581741,5.167105,6.879333
Q000140,4.029007,82.501628,1.076281,12.393084
Q000141,6.065183,79.946974,8.251815,5.736028
Q000142,9.936359,69.308198,9.541756,11.213687
Q000143,7.948952,71.559880,8.751701,11.739467
Q000144,0.344638,81.738302,1.294546,16.622514
Q000145,8.665850,67.502115,8.261146,15.570889
Q000146,0.319907,87.282647,7.568249,4.829197
Q000147,2.448580,95.353879,0.573043,1.624498
Q000148,12.580680,67.913697,9.868015,9.637608
Q000149,0.374390,78.424320,8.150529,13.050761
Q000150,17.916167,80.678226,0.068020,1.337587
Q000151,1.286187,72.593031,6.450052,19.670730
Q000152,15.050801,67.531893,9.945981,7.471325
Q000153,3.084201,84.392703,7.352067,5.171029
Q000154,4.208780,92.605155,0.689647,2.496418
Q000155,4.268974,74.106492,2.350348,19.274186
Q000156,16.939649,55.964982,7.181208,19.914161
Q000157,10.386193,77.991288,1.838802,9.783717
Q000158,20.895469,60.362647,10.164112,8.577772
Q000159,8.005964,69.391210,10.192847,12.409978
Q000160,16.678390,60.248964,4.544337,18.528309
Q000161,3.807576,81.500715,3.855082,10.836627
Q000162,0.097681,71.542476,12.004700,16.355143
Q000163,21.585275,70.878883,1.250486,6.285356
Q000164,6.289224,74.930027,1.625430,17.155319
Q000165,20.642321,73.175581,2.289943,3.892155
Q000166,1.512169,82.371018,6.423460,9.693353
Q000167,5.691331,83.417175,0.432877,10.458617
Q000168,2.786047,86.158770,1.745551,9.309632
Q000169,6.287962,72.971450,1.224791,19.515797
Q000170,4.932677,81.128493,2.552148,11.386682
Q000171,10.481994,82.335120,3.515945,3.666941
Q000172,13.609017,61.505599,5.101260,19.784125
Q000173,2.932569,77.858754,1.719800,17.488877
Q000174,2.351133,81.381755,9.588515,6.678597
Q000175,2.547004,76.333046,4.662656,16.457294
Q000176,7.439876,80.492762,6.165813,5.901549
Q000177,1.334480,91.492202,1.391755,5.781563
Q000178,5.065054,87.157795,1.704371,6.072780
Q000179,5.065054,92.503435,1.704371,0.727140
Q000180,5.065054,89.263363,0.947807,4.723776
Q000181,5.065054,73.584128,1.704371,19.646447
Q000182,1.871169,87.847249,1.086824,9.194757
Q000183,7.786690,89.405879,1.086824,1.720607
Q000184,7.786690,73.266407,1.086824,17.860079
Q000185,7.786690,75.847792,1.086824,15.278694
Q000186,5.704615,86.690954,2.483801,5.120630
Q000187,5.704615,80.240825,13.965004,0.089556
Q000188,3.132974,78.728833,5.477024,12.661168
Q000189,5.704615,78.128842,2.114406,14.052137
Q000190,15.732241,63.566916,3.040795,17.660048
Q000191,11.015641,74.014560,5.439556,9.530243
Q000192,13.400053,81.712181,1.246865,3.640902
Q000193,14.989341,68.598832,5.439556,10.972271
Q000194,20.135134,71.650791,3.637017,4.577058
Q000195,8.253388,77.744422,3.455734,10.546456
Q000196,15.846931,68.362328,2.235492,13.555249
Q000197,18.576602,71.093108,3.637017,6.693272
Q000198,6.999368,62.135214,11.734080,19.131338
Q000199,6.999368,81.627916,7.913399,3.459317
Q000200,6.999368,88.029808,4.173881,0.796942
